,0
0,True
1,True
2,True
3,True
4,True
5,True
6,True
7,True
8,True
9,True
10,True
11,True
12,True
13,True
14,True
15,True
16,True
17,True
18,True
19,True
20,True
21,True
22,True
23,True
24,True
25,True
26,True
27,True
28,True
29,True
30,True
31,True
32,True
33,True
34,True
35,True
36,True
37,True
38,True
39,True
40,True
41,True
42,True
43,True
44,True
45,True
46,True
47,True
48,True
49,True
50,True
51,True
52,True
53,True
54,True
55,True
56,True
57,True
58,True
59,True
60,True
61,True
62,True
63,True
64,True
65,True
66,True
67,True
68,True
69,True
70,True
71,True
72,True
73,True
74,True
75,True
76,True
77,True
78,True
79,True
80,True
81,True
82,True
83,True
84,True
85,True
86,True
87,True
88,True
89,True
90,True
91,True
92,True
93,True
94,True
95,True
96,True
97,True
98,True
99,True
100,True
101,True
102,True
103,True
104,True
105,True
106,True
107,True
108,True
109,True
110,True
111,True
112,True
113,True
114,True
115,True
116,True
117,True
118,True
119,True
120,True
121,True
122,True
123,True
124,True
125,True
126,True
127,True
128,True
129,True
130,True
131,True
132,True
133,True
134,True
135,True
136,True
137,True
138,True
139,True
140,True
141,True
142,True
143,True
144,True
145,True
146,True
147,True
148,True
149,True
150,True
151,True
152,True
153,True
154,True
155,True
156,True
157,True
158,True
159,True
160,True
161,True
162,True
163,True
164,True
165,True
166,True
167,True
168,True
169,True
170,True
171,True
172,True
173,True
174,True
175,True
176,True
177,True
178,True
179,True
180,True
181,True
182,True
183,True
184,True
185,True
186,True
187,True
188,True
189,True
190,True
191,True
192,True
193,True
194,True
195,True
196,True
197,True
198,True
199,True
200,True
201,True
202,True
203,True
204,True
205,True
206,True
207,True
208,True
209,True
210,True
211,True
212,True
213,True
214,True
215,True
216,True
217,True
218,True
219,True
220,True
221,True
222,True
223,True
224,True
225,True
226,True
227,True
228,True
229,True
230,True
231,True
232,True
233,True
234,True
235,True
236,True
237,True
238,True
239,True
240,True
241,True
242,True
243,True
244,True
245,True
246,True
247,True
248,True
249,True
250,True
251,True
252,True
253,True
254,True
255,True
256,True
257,True
258,True
259,True
260,True
261,True
262,True
263,True
264,True
265,True
266,True
267,True
268,True
269,True
270,True
271,True
272,True
273,True
274,True
275,True
276,True
277,True
278,True
279,True
280,True
281,True
282,True
283,True
284,True
285,True
286,True
287,True
288,True
289,True
290,True
291,True
292,True
293,True
294,True
295,True
296,True
297,True
298,True
299,True
300,True
301,True
302,True
303,True
304,True
305,True
306,True
307,True
308,True
309,True
310,True
311,True
312,True
313,True
314,True
315,True
316,True
317,True
318,True
319,True
320,True
321,True
322,True
323,True
324,True
325,True
326,True
327,True
328,True
329,True
330,True
331,True
332,True
333,True
334,True
335,True
336,True
337,True
338,True
339,True
340,True
341,True
342,True
343,True
344,True
345,True
346,True
347,True
348,True
349,True
350,True
351,True
352,True
353,True
354,True
355,True
356,True
357,True
358,True
359,True
360,True
361,True
362,True
363,True
364,True
365,True
366,True
367,True
368,True
369,True
370,True
371,True
372,True
373,True
374,True
375,True
376,True
377,True
378,True
379,True
380,True
381,True
382,True
383,True
384,True
385,True
386,True
387,True
388,True
389,True
390,True
391,True
392,True
393,True
394,True
395,True
396,True
397,True
398,True
399,True
400,True
401,True
402,True
403,True
404,True
405,True
406,True
407,True
408,True
409,True
410,True
411,True
412,True
413,True
414,True
415,True
416,True
417,True
418,True
419,True
420,True
421,True
422,True
423,True
424,True
425,True
426,True
427,True
428,True
429,True
430,True
431,True
432,True
433,True
434,True
435,True
436,True
437,True
438,True
439,True
440,True
441,True
442,True
443,True
444,True
445,True
446,True
447,True
448,True
449,True
450,True
451,True
452,True
453,True
454,True
455,True
456,True
457,True
458,True
459,True
460,True
461,True
462,True
463,True
464,True
465,True
466,True
467,True
468,True
469,True
470,True
471,True
472,True
473,True
474,True
475,True
476,True
477,True
478,True
479,True
480,True
481,True
482,True
483,True
484,True
485,True
486,True
487,True
488,True
489,True
490,True
491,True
492,True
493,True
494,True
495,True
496,True
497,True
498,True
499,True
500,True
501,True
502,True
503,True
504,True
505,True
506,True
507,True
508,True
509,True
510,True
511,True
512,True
513,True
514,True
515,True
516,True
517,True
518,True
519,True
520,True
521,True
522,True
523,True
524,True
525,True
526,True
527,True
528,True
529,True
530,True
531,True
532,True
533,True
534,True
535,True
536,True
537,True
538,True
539,True
540,True
541,True
542,True
543,True
544,True
545,True
546,True
547,True
548,True
549,True
550,True
551,True
552,True
553,True
554,True
555,True
556,True
557,True
558,True
559,True
560,True
561,True
562,True
563,True
564,True
565,True
566,True
567,True
568,True
569,True
570,True
571,True
572,True
573,True
574,True
575,True
576,True
577,True
578,True
579,True
580,True
581,True
582,True
583,True
584,True
585,True
586,True
587,True
588,True
589,True
590,True
591,True
592,True
593,True
594,True
595,True
596,True
597,True
598,True
599,True
600,True
601,True
602,True
603,True
604,True
605,True
606,True
607,True
608,True
609,True
610,True
611,True
612,True
613,True
614,True
615,True
616,True
617,True
618,True
619,True
620,True
621,True
622,True
623,True
624,True
625,True
626,True
627,True
628,True
629,True
630,True
631,True
632,True
633,True
634,True
635,True
636,True
637,True
638,True
639,True
640,True
641,True
642,True
643,True
644,True
645,True
646,True
647,True
648,True
649,True
650,True
651,True
652,True
653,True
654,True
655,True
656,True
657,True
658,True
659,True
660,True
661,True
662,True
663,True
664,True
665,True
666,True
667,True
668,True
669,True
670,True
671,True
672,True
673,True
674,True
675,True
676,True
677,True
678,True
679,True
680,True
681,True
682,True
683,True
684,True
685,True
686,True
687,True
688,True
689,True
690,True
691,True
692,True
693,True
694,True
695,True
696,True
697,True
698,True
699,True
700,True
701,True
702,True
703,True
704,True
705,True
706,True
707,True
708,True
709,True
710,True
711,True
712,True
713,True
714,True
715,True
716,True
717,True
718,True
719,True
720,True
721,True
722,True
723,True
724,True
725,True
726,True
727,True
728,True
729,True
730,True
731,True
732,True
733,True
734,True
735,True
736,True
737,True
738,True
739,True
740,True
741,True
742,True
743,True
744,True
745,True
746,True
747,True
748,True
749,True
750,True
751,True
752,True
753,True
754,True
755,True
756,True
757,True
758,True
759,True
760,True
761,True
762,True
763,True
764,True
765,True
766,True
767,True
768,True
769,True
770,True
771,True
772,True
773,True
774,True
775,True
776,True
777,True
778,True
779,True
780,True
781,True
782,True
783,True
784,True
785,True
786,True
787,True
788,True
789,True
790,True
791,True
792,True
793,True
794,True
795,True
796,True
797,True
798,True
799,True
800,True
801,True
802,True
803,True
804,True
805,True
806,True
807,True
808,True
809,True
810,True
811,True
812,True
813,True
814,True
815,True
816,True
817,True
818,True
819,True
820,True
821,True
822,True
823,True
824,True
825,True
826,True
827,True
828,True
829,True
830,True
831,True
832,True
833,True
834,True
835,True
836,True
837,True
838,True
839,True
840,True
841,True
842,True
843,True
844,True
845,True
846,True
847,True
848,True
849,True
850,True
851,True
852,True
853,True
854,True
855,True
856,True
857,True
858,True
859,True
860,True
861,True
862,True
863,True
864,True
865,True
866,True
867,True
868,True
869,True
870,True
871,True
872,True
873,True
874,True
875,True
876,True
877,True
878,True
879,True
880,True
881,True
882,True
883,True
884,True
885,True
886,True
887,True
888,True
889,True
890,True
891,True
892,True
893,True
894,True
895,True
896,True
897,True
898,True
899,True
900,True
901,True
902,True
903,True
904,True
905,True
906,True
907,True
908,True
909,True
910,True
911,True
912,True
913,True
914,True
915,True
916,True
917,True
918,True
919,True
920,True
921,True
922,True
923,True
924,True
925,True
926,True
927,True
928,True
929,True
930,True
931,True
932,True
933,True
934,True
935,True
936,True
937,True
938,True
939,True
940,True
941,True
942,True
943,True
944,True
945,True
946,True
947,True
948,True
949,True
950,True
951,True
952,True
953,True
954,True
955,True
956,True
957,True
958,True
959,True
960,True
961,True
962,True
963,True
964,True
965,True
966,True
967,True
968,True
969,True
970,True
971,True
972,True
973,True
974,True
975,True
976,True
977,True
978,True
979,True
980,True
981,True
982,True
983,True
984,True
985,True
986,True
987,True
988,True
989,True
990,True
991,True
992,True
993,True
994,True
995,True
996,True
997,True
998,True
999,True
1000,True
1001,True
1002,True
1003,True
1004,True
1005,True
1006,True
1007,True
1008,True
1009,True
1010,True
1011,True
1012,True
1013,True
1014,True
1015,True
1016,True
1017,True
1018,True
1019,True
1020,True
1021,True
1022,True
1023,True
1024,True
1025,True
1026,True
1027,True
1028,True
1029,True
1030,True
1031,True
1032,True
1033,True
1034,True
1035,True
1036,True
1037,True
1038,True
1039,True
1040,False
1041,False
1042,False
1043,False
1044,False
1045,False
1046,False
1047,False
1048,False
1049,False
1050,False
1051,False
1052,False
1053,False
1054,False
1055,False
1056,True
1057,False
1058,False
1059,False
1060,True
1061,False
1062,False
1063,False
1064,False
1065,True
1066,False
1067,False
1068,True
1069,False
1070,False
1071,False
1072,False
1073,True
1074,False
1075,False
1076,False
1077,False
1078,False
1079,False
1080,False
1081,False
1082,False
1083,False
1084,False
1085,False
1086,False
1087,False
1088,True
1089,True
1090,False
1091,False
1092,False
1093,False
1094,False
1095,False
1096,False
1097,False
1098,False
1099,False
1100,False
1101,False
1102,False
1103,False
1104,False
1105,False
1106,False
1107,True
1108,False
1109,False
1110,False
1111,False
1112,False
1113,False
1114,False
1115,False
1116,True
1117,False
1118,False
1119,False
1120,False
1121,False
1122,False
1123,False
1124,False
1125,False
1126,False
1127,False
1128,False
1129,False
1130,False
1131,False
1132,False
1133,False
1134,False
1135,False
1136,False
1137,False
1138,False
1139,False
1140,False
1141,False
1142,False
1143,False
1144,False
1145,False
1146,False
1147,False
1148,False
1149,False
1150,False
1151,False
1152,False
1153,False
1154,False
1155,False
1156,False
1157,True
1158,False
1159,False
1160,False
1161,False
1162,False
1163,False
1164,False
1165,False
1166,False
1167,False
1168,False
1169,False
1170,True
1171,False
1172,False
1173,False
1174,False
1175,False
1176,False
1177,False
1178,False
1179,False
1180,False
1181,False
1182,False
1183,False
1184,False
1185,False
1186,False
1187,False
1188,False
1189,False
1190,False
1191,False
1192,False
1193,False
1194,False
1195,False
1196,False
1197,False
1198,False
1199,False
1200,False
1201,False
1202,False
1203,True
1204,False
1205,False
1206,False
1207,False
1208,False
1209,False
1210,False
1211,False
1212,False
1213,False
1214,False
1215,False
1216,False
1217,False
1218,False
1219,False
1220,False
1221,False
1222,True
1223,False
1224,False
1225,False
1226,False
1227,False
1228,False
1229,False
1230,False
1231,False
1232,False
1233,False
1234,False
1235,False
1236,False
1237,False
1238,False
1239,False
1240,False
1241,False
1242,False
1243,False
1244,False
1245,False
1246,False
1247,False
1248,False
1249,False
1250,False
1251,False
1252,False
1253,False
1254,False
1255,False
1256,False
1257,False
1258,False
1259,False
1260,False
1261,False
1262,False
1263,False
1264,False
1265,False
1266,False
1267,False
1268,False
1269,True
1270,False
1271,False
1272,False
1273,False
1274,False
1275,False
1276,False
1277,False
1278,False
1279,False
1280,False
1281,False
1282,False
1283,False
1284,False
1285,False
1286,False
1287,False
1288,False
1289,False
1290,False
1291,False
1292,False
1293,False
1294,False
1295,False
1296,False
1297,False
1298,False
1299,False
1300,False
1301,False
1302,False
1303,False
1304,False
1305,False
1306,False
1307,False
1308,False
1309,False
1310,False
1311,False
1312,False
1313,False
1314,False
1315,False
1316,False
1317,False
1318,False
1319,False
1320,False
1321,False
1322,False
1323,False
1324,False
1325,False
1326,False
1327,False
1328,False
1329,False
1330,False
1331,False
1332,False
1333,False
1334,False
1335,False
1336,False
1337,False
1338,False
1339,False
1340,False
1341,False
1342,False
1343,False
1344,False
1345,False
1346,False
1347,False
1348,False
1349,False
1350,False
1351,False
1352,False
1353,False
1354,False
1355,False
1356,False
1357,False
1358,True
1359,False
1360,True
1361,False
1362,False
1363,False
1364,False
1365,False
1366,False
1367,True
1368,False
1369,False
1370,False
1371,False
1372,False
1373,False
1374,False
1375,False
1376,False
1377,False
1378,False
1379,False
1380,False
1381,False
1382,False
1383,False
1384,False
1385,False
1386,False
1387,False
1388,False
1389,False
1390,False
1391,False
1392,False
1393,False
1394,False
1395,False
1396,True
1397,False
1398,False
1399,False
1400,False
1401,False
1402,False
1403,False
1404,False
1405,False
1406,False
1407,False
1408,False
1409,False
1410,False
1411,False
1412,False
1413,False
1414,False
1415,False
1416,False
1417,False
1418,False
1419,False
1420,False
1421,False
1422,False
1423,False
1424,False
1425,False
1426,False
1427,False
1428,False
1429,True
1430,False
1431,False
1432,False
1433,False
1434,False
1435,False
1436,False
1437,False
1438,False
1439,False
1440,False
1441,False
1442,False
1443,False
1444,False
1445,True
1446,False
1447,False
1448,True
1449,False
1450,False
1451,False
1452,False
1453,False
1454,True
1455,False
1456,False
1457,False
1458,False
1459,False
1460,False
1461,False
1462,True
1463,False
1464,False
1465,False
1466,False
1467,False
1468,True
1469,False
1470,False
1471,False
1472,True
1473,False
1474,False
1475,False
1476,False
1477,False
1478,False
1479,False
1480,True
1481,False
1482,False
1483,False
1484,False
1485,False
1486,True
1487,False
1488,False
1489,False
1490,False
1491,False
1492,False
1493,False
1494,False
1495,False
1496,False
1497,True
1498,False
1499,False
1500,False
1501,True
1502,False
1503,True
1504,False
1505,False
1506,False
1507,False
1508,False
1509,False
1510,False
1511,False
1512,False
1513,False
1514,False
1515,False
1516,False
1517,False
1518,False
1519,False
1520,True
1521,False
1522,False
1523,False
1524,False
1525,False
1526,False
1527,False
1528,False
1529,False
1530,False
1531,False
1532,False
1533,False
1534,False
1535,False
1536,False
1537,False
1538,True
1539,False
1540,False
1541,False
1542,False
1543,False
1544,False
1545,False
1546,False
1547,False
1548,True
1549,False
1550,False
1551,False
1552,False
1553,False
1554,False
1555,False
1556,False
1557,True
1558,False
1559,False
1560,False
1561,False
1562,False
1563,False
1564,False
1565,False
1566,False
1567,False
1568,False
1569,True
1570,True
1571,False
1572,False
1573,False
1574,False
1575,False
1576,False
1577,False
1578,False
1579,False
1580,False
1581,False
1582,False
1583,False
1584,False
1585,False
1586,False
1587,False
1588,False
1589,False
1590,False
1591,False
1592,False
1593,False
1594,True
1595,False
1596,False
1597,True
1598,False
1599,False
1600,False
1601,False
1602,False
1603,True
1604,False
1605,True
1606,False
1607,True
1608,False
1609,False
1610,False
1611,False
1612,False
1613,False
1614,False
1615,False
1616,False
1617,False
1618,False
1619,False
1620,False
1621,False
1622,False
1623,False
1624,False
1625,False
1626,False
1627,False
1628,False
1629,True
1630,False
1631,True
1632,False
1633,False
1634,False
1635,False
1636,False
1637,False
1638,False
1639,False
1640,False
1641,False
1642,False
1643,False
1644,False
1645,False
1646,False
1647,False
1648,False
1649,False
1650,True
1651,False
1652,False
1653,False
1654,False
1655,False
1656,False
1657,True
1658,True
1659,False
1660,False
1661,False
1662,False
1663,False
1664,False
1665,False
1666,False
1667,True
1668,False
1669,False
1670,True
1671,False
1672,False
1673,False
1674,False
1675,False
1676,False
1677,False
1678,False
1679,True
1680,False
1681,False
1682,False
1683,False
1684,False
1685,False
1686,False
1687,False
1688,False
1689,False
1690,True
1691,False
1692,True
1693,False
1694,False
1695,False
1696,False
1697,False
1698,False
1699,False
1700,False
1701,False
1702,False
1703,True
1704,True
1705,True
1706,False
1707,True
1708,False
1709,False
1710,False
1711,True
1712,False
1713,False
1714,False
1715,False
1716,False
1717,False
1718,False
1719,False
1720,False
1721,False
1722,False
1723,True
1724,False
1725,False
1726,True
1727,True
1728,True
1729,False
1730,True
1731,False
1732,False
1733,False
1734,False
1735,False
1736,True
1737,True
1738,True
1739,False
1740,False
1741,False
1742,False
1743,True
1744,True
1745,True
1746,True
1747,True
1748,True
1749,True
1750,True
1751,True
1752,True
1753,True
1754,True
1755,True
1756,True
1757,True
1758,True
1759,True
1760,True
1761,True
1762,True
1763,True
1764,True
1765,True
1766,True
1767,True
1768,True
1769,True
1770,True
1771,True
1772,True
1773,True
1774,True
1775,True
1776,True
1777,True
1778,True
1779,True
1780,True
1781,True
1782,True
1783,True
1784,True
1785,True
1786,True
1787,True
1788,True
1789,True
1790,True
1791,True
1792,True
1793,True
1794,True
1795,True
1796,True
1797,True
1798,True
1799,True
1800,True
1801,True
1802,True
1803,True
1804,True
1805,True
1806,True
1807,True
1808,True
1809,True
1810,True
1811,True
1812,True
1813,True
1814,True
1815,True
1816,True
1817,True
1818,True
1819,True
1820,True
1821,True
1822,True
1823,True
1824,True
1825,True
1826,True
1827,True
1828,True
1829,True
1830,True
1831,True
1832,True
1833,True
1834,True
1835,True
1836,True
1837,True
1838,True
1839,True
1840,True
1841,True
1842,True
1843,True
1844,True
1845,True
1846,True
1847,True
1848,True
1849,True
1850,True
1851,True
1852,True
1853,True
1854,True
1855,True
1856,True
1857,True
1858,True
1859,True
1860,True
1861,True
1862,True
1863,True
1864,True
1865,True
1866,True
1867,True
1868,True
1869,True
1870,True
1871,True
1872,True
1873,True
1874,True
1875,True
1876,True
1877,True
1878,True
1879,True
1880,True
1881,True
1882,True
1883,True
1884,True
1885,True
1886,True
1887,True
1888,True
1889,True
1890,True
1891,True
1892,True
1893,True
1894,True
1895,True
1896,True
1897,True
1898,True
1899,True
1900,True
1901,True
1902,True
1903,True
1904,True
1905,True
1906,True
1907,True
1908,True
1909,True
1910,True
1911,True
1912,True
1913,True
1914,True
1915,True
1916,True
1917,True
1918,True
1919,True
1920,True
1921,True
1922,True
1923,True
1924,True
1925,True
1926,True
1927,True
1928,True
1929,True
1930,True
1931,True
1932,True
1933,True
1934,True
1935,True
1936,True
1937,True
1938,True
1939,True
1940,True
1941,True
1942,True
1943,True
1944,True
1945,True
1946,True
1947,True
1948,True
1949,True
1950,True
1951,True
1952,True
1953,True
1954,True
1955,True
1956,True
1957,True
1958,True
1959,True
1960,True
1961,True
1962,True
1963,True
1964,True
1965,True
1966,True
1967,True
1968,True
1969,True
1970,True
1971,True
1972,True
1973,True
1974,True
1975,True
1976,True
1977,True
1978,True
1979,True
1980,True
1981,True
1982,True
1983,True
1984,True
1985,True
1986,True
1987,True
1988,True
1989,True
1990,True
1991,True
1992,True
1993,True
1994,True
1995,True
1996,True
1997,True
1998,True
1999,True
2000,True
2001,True
2002,True
2003,True
2004,True
2005,True
2006,True
2007,True
2008,True
2009,True
2010,True
2011,True
2012,True
2013,True
2014,True
2015,True
2016,True
2017,True
2018,True
2019,True
2020,True
2021,True
2022,True
2023,True
2024,True
2025,True
2026,True
2027,True
2028,True
2029,True
2030,True
2031,True
2032,True
2033,True
2034,True
2035,True
2036,True
2037,True
2038,True
2039,True
2040,True
2041,True
2042,True
2043,True
2044,True
2045,True
2046,True
2047,True
2048,True
2049,True
2050,True
2051,True
2052,True
2053,True
2054,True
2055,True
2056,True
2057,True
2058,True
2059,True
2060,True
2061,True
2062,True
2063,True
2064,True
2065,True
2066,True
2067,True
2068,True
2069,True
2070,True
2071,True
2072,True
2073,True
2074,True
2075,True
2076,True
2077,True
2078,True
2079,True
2080,True
2081,True
2082,True
2083,True
2084,True
2085,True
2086,True
2087,True
2088,True
2089,True
2090,True
2091,True
2092,True
2093,True
2094,True
2095,True
2096,True
2097,True
2098,True
2099,True
2100,True
2101,True
2102,True
2103,True
2104,True
2105,True
2106,True
2107,True
2108,True
2109,True
2110,True
2111,True
2112,True
2113,True
2114,True
2115,True
2116,True
2117,True
2118,True
2119,True
2120,True
2121,True
2122,True
2123,True
2124,True
2125,True
2126,True
2127,True
2128,True
2129,True
2130,True
2131,True
2132,True
2133,True
2134,True
2135,True
2136,True
2137,True
2138,True
2139,True
2140,True
2141,True
2142,True
2143,True
2144,True
2145,True
2146,True
2147,True
2148,True
2149,True
2150,True
2151,True
2152,True
2153,True
2154,True
2155,True
2156,True
2157,True
2158,True
2159,True
2160,True
2161,True
2162,True
2163,True
2164,True
2165,True
2166,True
2167,True
2168,True
2169,True
2170,True
2171,True
2172,True
2173,True
2174,True
2175,True
2176,True
2177,True
2178,True
2179,True
2180,True
2181,True
2182,True
2183,True
2184,True
2185,True
2186,True
2187,True
2188,True
2189,True
2190,True
2191,True
2192,True
2193,True
2194,True
2195,True
2196,True
2197,True
2198,True
2199,True
2200,True
2201,True
2202,True
2203,True
2204,True
2205,True
2206,True
2207,True
2208,True
2209,True
2210,True
2211,True
2212,True
2213,True
2214,True
2215,True
2216,True
2217,True
2218,True
2219,True
2220,True
2221,True
2222,True
2223,True
2224,True
2225,True
2226,True
2227,True
2228,True
2229,True
2230,True
2231,True
2232,True
2233,True
2234,True
2235,True
2236,True
2237,True
2238,True
2239,True
2240,True
2241,True
2242,True
2243,True
2244,True
2245,True
2246,True
2247,True
2248,True
2249,True
2250,True
2251,True
2252,True
2253,True
2254,True
2255,True
2256,True
2257,True
2258,True
2259,True
2260,True
2261,True
2262,True
2263,True
2264,True
2265,True
2266,True
2267,True
2268,True
2269,True
2270,True
2271,True
2272,True
2273,True
2274,True
2275,True
2276,True
2277,True
2278,True
2279,True
2280,True
2281,True
2282,True
2283,True
2284,True
2285,True
2286,True
2287,True
2288,True
2289,True
2290,True
2291,True
2292,True
2293,True
2294,True
2295,True
2296,True
2297,True
2298,True
2299,True
2300,True
2301,True
2302,True
2303,True
2304,True
2305,True
2306,True
2307,True
2308,True
2309,True
2310,True
2311,True
2312,True
2313,True
2314,True
2315,True
2316,True
2317,True
2318,True
2319,True
2320,True
2321,True
2322,True
2323,True
2324,True
2325,True
2326,True
2327,True
2328,True
2329,True
2330,True
2331,True
2332,True
2333,True
2334,True
2335,True
2336,True
2337,True
2338,True
2339,True
2340,True
2341,True
2342,True
2343,True
2344,True
2345,True
2346,True
2347,True
2348,True
2349,True
2350,True
2351,True
2352,True
2353,True
2354,True
2355,True
2356,True
2357,True
2358,True
2359,True
2360,True
2361,True
2362,True
2363,True
2364,True
2365,True
2366,True
2367,True
2368,True
2369,True
2370,True
2371,True
2372,True
2373,True
2374,True
2375,True
2376,True
2377,True
2378,True
2379,True
2380,True
2381,True
2382,True
2383,True
2384,True
2385,True
2386,True
2387,True
2388,True
2389,True
2390,True
2391,True
2392,True
2393,True
2394,True
2395,True
2396,True
2397,True
2398,True
2399,True
2400,True
2401,True
2402,True
2403,True
2404,True
2405,True
2406,True
2407,True
2408,True
2409,True
2410,True
2411,True
2412,True
2413,True
2414,True
2415,True
2416,True
2417,True
2418,True
2419,True
2420,True
2421,True
2422,True
2423,True
2424,True
2425,True
2426,True
2427,True
2428,True
2429,True
2430,True
2431,True
2432,True
2433,True
2434,True
2435,True
2436,True
2437,True
2438,True
2439,True
2440,True
2441,True
2442,True
2443,True
2444,True
2445,True
2446,True
2447,True
2448,True
2449,True
2450,True
2451,True
2452,True
2453,True
2454,True
2455,True
2456,True
2457,True
2458,True
2459,True
2460,True
2461,True
2462,True
2463,True
2464,True
2465,True
2466,True
2467,True
2468,True
2469,True
2470,True
2471,True
2472,True
2473,True
2474,True
2475,True
2476,True
2477,True
2478,True
2479,True
2480,True
2481,True
2482,True
2483,True
2484,True
2485,True
2486,True
2487,True
2488,True
2489,True
2490,True
2491,True
2492,True
2493,True
2494,True
2495,True
2496,True
2497,True
2498,True
2499,True
2500,True
2501,True
2502,True
2503,True
2504,True
2505,True
2506,True
2507,True
2508,True
2509,True
2510,True
2511,True
2512,True
2513,True
2514,True
2515,True
2516,True
2517,True
2518,True
2519,True
2520,True
2521,True
2522,True
2523,True
2524,True
2525,True
2526,True
2527,True
2528,True
2529,True
2530,True
2531,True
2532,True
2533,True
2534,True
2535,True
2536,True
2537,True
2538,True
2539,True
2540,True
2541,True
2542,True
2543,True
2544,True
2545,True
2546,True
2547,True
2548,True
2549,True
2550,True
2551,True
2552,True
2553,True
2554,True
2555,True
2556,True
2557,True
2558,True
2559,True
2560,True
2561,True
2562,True
2563,True
2564,True
2565,True
2566,True
2567,True
2568,True
2569,True
2570,True
2571,True
2572,True
2573,True
2574,True
2575,True
2576,True
2577,True
2578,True
2579,True
2580,True
2581,True
2582,True
2583,True
2584,True
2585,True
2586,True
2587,True
2588,True
2589,True
2590,True
2591,True
2592,True
2593,True
2594,True
2595,True
2596,True
2597,True
2598,True
2599,True
2600,True
2601,True
2602,True
2603,True
2604,True
2605,True
2606,True
2607,True
2608,True
2609,True
2610,True
2611,True
2612,True
2613,True
2614,True
2615,True
2616,True
2617,True
2618,True
2619,True
2620,True
2621,True
2622,True
2623,True
2624,True
2625,True
2626,True
2627,True
2628,True
2629,True
2630,True
2631,True
2632,True
2633,True
2634,True
2635,True
2636,True
2637,True
2638,True
2639,True
2640,True
2641,True
2642,True
2643,True
2644,True
2645,True
2646,True
2647,True
2648,True
2649,True
2650,True
2651,True
2652,True
2653,True
2654,True
2655,True
2656,True
2657,True
2658,True
2659,True
2660,True
2661,True
2662,True
2663,True
2664,True
2665,True
2666,True
2667,True
2668,True
2669,True
2670,True
2671,True
2672,True
2673,True
2674,True
2675,True
2676,True
2677,True
2678,True
2679,True
2680,True
2681,True
2682,True
2683,True
2684,True
2685,True
2686,True
2687,True
2688,True
2689,True
2690,True
2691,True
2692,True
2693,True
2694,True
2695,True
2696,True
2697,True
2698,True
2699,True
2700,True
2701,True
2702,True
2703,True
2704,True
2705,True
2706,True
2707,True
2708,True
2709,True
2710,True
2711,True
2712,True
2713,True
2714,True
2715,True
2716,True
2717,True
2718,True
2719,True
2720,True
2721,True
2722,True
2723,True
2724,True
2725,True
2726,True
2727,True
2728,True
2729,True
2730,True
2731,True
2732,True
2733,True
2734,True
2735,True
2736,True
2737,True
2738,True
2739,True
2740,True
2741,True
2742,True
2743,True
2744,True
2745,True
2746,True
2747,True
2748,True
2749,True
2750,True
2751,True
2752,True
2753,True
2754,True
2755,True
2756,True
2757,True
2758,True
2759,True
2760,True
2761,True
2762,True
2763,True
2764,True
2765,True
2766,True
2767,True
2768,True
2769,True
2770,True
2771,True
2772,True
2773,True
2774,True
2775,True
2776,True
2777,True
2778,True
2779,True
2780,True
2781,True
2782,True
2783,True
2784,True
2785,True
2786,True
2787,True
2788,True
2789,True
2790,True
2791,True
2792,True
2793,True
2794,True
2795,True
2796,True
2797,True
2798,True
2799,True
2800,True
2801,True
2802,True
2803,True
2804,True
2805,True
2806,True
2807,True
2808,True
2809,True
2810,True
2811,True
2812,True
2813,True
2814,True
2815,True
2816,True
2817,True
2818,True
2819,True
2820,True
2821,True
2822,True
2823,True
2824,True
2825,True
2826,True
2827,True
2828,True
2829,True
2830,True
2831,True
2832,True
2833,True
2834,True
2835,True
2836,True
2837,True
2838,True
2839,True
2840,True
2841,True
2842,True
2843,True
2844,True
2845,True
2846,True
2847,True
2848,True
2849,True
2850,True
2851,True
2852,True
2853,True
2854,True
2855,True
2856,True
2857,True
2858,True
2859,True
2860,True
2861,True
2862,True
2863,True
2864,True
2865,True
2866,True
2867,True
2868,True
2869,True
2870,True
2871,True
2872,True
2873,True
2874,True
2875,True
2876,True
2877,True
2878,True
2879,True
2880,True
2881,True
2882,True
2883,True
2884,True
2885,True
2886,True
2887,True
2888,True
2889,True
2890,True
2891,True
2892,True
2893,True
2894,True
2895,True
2896,True
2897,True
2898,True
2899,True
2900,True
2901,True
2902,True
2903,True
2904,True
2905,True
2906,True
2907,True
2908,True
2909,True
2910,True
2911,True
2912,True
2913,True
2914,True
2915,True
2916,True
2917,True
2918,True
2919,True
2920,True
2921,True
2922,True
2923,True
2924,True
2925,True
2926,True
2927,True
2928,True
2929,True
2930,True
2931,True
2932,True
2933,True
2934,True
2935,True
2936,True
2937,True
2938,True
2939,True
2940,True
2941,True
2942,True
2943,True
2944,True
2945,True
2946,True
2947,True
2948,True
2949,True
2950,True
2951,True
2952,True
2953,True
2954,True
2955,True
2956,True
2957,True
2958,True
2959,True
2960,True
2961,True
2962,True
2963,True
2964,True
2965,True
2966,True
2967,True
2968,True
2969,True
2970,True
2971,True
2972,True
2973,True
2974,True
2975,True
2976,True
2977,True
2978,True
2979,True
2980,True
2981,True
2982,True
2983,True
2984,True
2985,True
2986,True
2987,True
2988,True
2989,True
2990,True
2991,True
2992,True
2993,True
2994,True
2995,True
2996,True
2997,True
2998,True
2999,True
3000,True
3001,True
3002,True
3003,True
3004,True
3005,True
3006,True
3007,True
3008,True
3009,True
3010,True
3011,True
3012,True
3013,True
3014,True
3015,True
3016,True
3017,True
3018,True
3019,True
3020,True
3021,True
3022,True
3023,True
3024,True
3025,True
3026,True
3027,True
3028,True
3029,True
3030,True
3031,True
3032,True
3033,True
3034,True
3035,True
3036,True
3037,True
3038,True
3039,True
3040,True
3041,True
3042,True
3043,True
3044,True
3045,True
3046,True
3047,True
3048,True
3049,True
3050,True
3051,True
3052,True
3053,True
3054,True
3055,True
3056,True
3057,True
3058,True
3059,True
3060,True
3061,True
3062,True
3063,True
3064,True
3065,True
3066,True
3067,True
3068,True
3069,True
3070,True
3071,True
3072,True
3073,True
3074,True
3075,True
3076,True
3077,True
3078,True
3079,True
3080,True
3081,True
3082,True
3083,True
3084,True
3085,True
3086,True
3087,True
3088,True
3089,True
3090,True
3091,True
3092,True
3093,True
3094,True
3095,True
3096,True
3097,True
3098,True
3099,True
3100,True
3101,True
3102,True
3103,True
3104,True
3105,True
3106,True
3107,True
3108,True
3109,True
3110,True
3111,True
3112,True
3113,True
3114,True
3115,True
3116,True
3117,True
3118,True
3119,True
3120,True
3121,True
3122,True
3123,True
3124,True
3125,True
3126,True
3127,True
3128,True
3129,True
3130,True
3131,True
3132,True
3133,True
3134,True
3135,True
3136,True
3137,True
3138,True
3139,True
3140,True
3141,True
3142,True
3143,True
3144,True
3145,True
3146,True
3147,True
3148,True
3149,True
3150,True
3151,True
3152,True
3153,True
3154,True
3155,True
3156,True
3157,True
3158,True
3159,True
3160,True
3161,True
3162,True
3163,True
3164,True
3165,True
3166,True
3167,True
3168,True
3169,True
3170,True
3171,True
3172,True
3173,True
3174,True
3175,True
3176,True
3177,True
3178,True
3179,True
3180,True
3181,True
3182,True
3183,True
3184,True
3185,True
3186,True
3187,True
3188,True
3189,True
3190,True
3191,True
3192,True
3193,True
3194,True
3195,True
3196,True
3197,True
3198,True
3199,True
3200,True
3201,True
3202,True
3203,True
3204,True
3205,True
3206,True
3207,True
3208,True
3209,True
3210,True
3211,True
3212,True
3213,True
3214,True
3215,True
3216,True
3217,True
3218,True
3219,True
3220,True
3221,True
3222,True
3223,True
3224,True
3225,True
3226,True
3227,True
3228,True
3229,True
3230,True
3231,True
3232,True
3233,True
3234,True
3235,True
3236,True
3237,True
3238,True
3239,True
3240,True
3241,True
3242,True
3243,True
3244,True
3245,True
3246,True
3247,True
3248,True
3249,True
3250,True
3251,True
3252,True
3253,True
3254,True
3255,True
3256,True
3257,True
3258,True
3259,True
3260,True
3261,True
3262,True
3263,True
3264,True
3265,True
3266,True
3267,True
3268,True
3269,True
3270,True
3271,True
3272,True
3273,True
3274,True
3275,True
3276,True
3277,True
3278,True
3279,True
3280,True
3281,True
3282,True
3283,True
3284,True
3285,True
3286,True
3287,True
3288,True
3289,True
3290,True
3291,True
3292,True
3293,True
3294,True
3295,True
3296,True
3297,True
3298,True
3299,True
3300,True
3301,True
3302,True
3303,True
3304,True
3305,True
3306,True
3307,True
3308,True
3309,True
3310,True
3311,True
3312,True
3313,True
3314,True
3315,True
3316,True
3317,True
3318,True
3319,True
3320,True
3321,True
3322,True
3323,True
3324,True
3325,True
3326,True
3327,True
3328,True
3329,True
3330,True
3331,True
3332,True
3333,True
3334,True
3335,True
3336,True
3337,True
3338,True
3339,True
3340,True
3341,True
3342,True
3343,True
3344,True
3345,True
3346,True
3347,True
3348,True
3349,True
3350,True
3351,True
3352,True
3353,True
3354,True
3355,True
3356,True
3357,True
3358,True
3359,True
3360,True
3361,True
3362,True
3363,True
3364,True
3365,True
3366,True
3367,True
3368,True
3369,True
3370,True
3371,True
3372,True
3373,True
3374,True
3375,True
3376,True
3377,True
3378,True
3379,True
3380,True
3381,True
3382,True
3383,True
3384,True
3385,True
3386,True
3387,True
3388,True
3389,True
3390,True
3391,True
3392,True
3393,True
3394,True
3395,True
3396,True
3397,True
3398,True
3399,True
3400,True
3401,True
3402,True
3403,True
3404,True
3405,True
3406,True
3407,True
3408,True
3409,True
3410,True
3411,True
3412,True
3413,True
3414,True
3415,True
3416,True
3417,True
3418,True
3419,True
3420,True
3421,True
3422,True
3423,True
3424,True
3425,True
3426,True
3427,True
3428,True
3429,True
3430,True
3431,True
3432,True
3433,True
3434,True
3435,True
3436,True
3437,True
3438,True
3439,True
3440,True
3441,True
3442,True
3443,True
3444,True
3445,True
3446,True
3447,True
3448,True
3449,True
3450,True
3451,True
3452,True
3453,True
3454,True
3455,True
3456,True
3457,True
3458,True
3459,True
3460,True
3461,True
3462,True
3463,True
3464,True
3465,True
3466,True
3467,True
3468,True
3469,True
3470,True
3471,True
3472,True
3473,True
3474,True
3475,True
3476,True
3477,True
3478,True
3479,True
3480,True
3481,True
3482,True
3483,True
3484,True
3485,True
3486,True
3487,True
3488,True
3489,True
3490,True
3491,True
3492,True
3493,True
3494,True
3495,True
3496,True
3497,True
3498,True
3499,True
3500,True
3501,True
3502,True
3503,True
3504,True
3505,True
3506,True
3507,True
3508,True
3509,True
3510,True
3511,True
3512,True
3513,True
3514,True
3515,True
3516,True
3517,True
3518,True
3519,True
3520,True
3521,True
3522,True
3523,True
3524,True
3525,True
3526,True
3527,True
3528,True
3529,True
3530,True
3531,True
3532,True
3533,True
3534,True
3535,True
3536,True
3537,True
3538,True
3539,True
3540,True
3541,True
3542,True
3543,True
3544,True
3545,True
3546,True
3547,True
3548,True
3549,True
3550,True
3551,True
3552,True
3553,True
3554,True
3555,True
3556,True
3557,True
3558,True
3559,True
3560,True
3561,True
3562,True
3563,True
3564,True
3565,True
3566,True
3567,True
3568,True
3569,True
3570,True
3571,True
3572,True
3573,True
3574,True
3575,True
3576,True
3577,True
3578,True
3579,True
3580,True
3581,True
3582,True
3583,True
3584,True
3585,True
3586,True
3587,True
3588,True
3589,True
3590,True
3591,True
3592,True
3593,True
3594,True
3595,True
3596,True
3597,True
3598,True
3599,True
3600,True
3601,True
3602,True
3603,True
3604,True
3605,True
3606,True
3607,True
3608,True
3609,True
3610,True
3611,True
3612,True
3613,True
3614,True
3615,True
3616,True
3617,True
3618,True
3619,True
3620,True
3621,True
3622,True
3623,True
3624,True
3625,True
3626,True
3627,True
3628,True
3629,True
3630,True
3631,True
3632,True
3633,True
3634,True
3635,True
3636,True
3637,True
3638,True
3639,True
3640,True
3641,True
3642,True
3643,True
3644,True
3645,True
3646,True
3647,True
3648,True
3649,True
3650,True
3651,True
3652,True
3653,True
3654,True
3655,True
3656,True
3657,True
3658,True
3659,True
3660,True
3661,True
3662,True
3663,True
3664,True
3665,True
3666,True
3667,True
3668,True
3669,True
3670,True
3671,True
3672,True
3673,True
3674,True
3675,True
3676,True
3677,True
3678,True
3679,True
3680,True
3681,True
3682,True
3683,True
3684,True
3685,True
3686,True
3687,True
3688,True
3689,True
3690,True
3691,True
3692,True
3693,True
3694,True
3695,True
3696,True
3697,True
3698,True
3699,True
3700,True
3701,True
3702,True
3703,True
3704,True
3705,True
3706,True
3707,True
3708,True
3709,True
3710,True
3711,True
3712,True
3713,True
3714,True
3715,True
3716,True
3717,True
3718,True
3719,True
3720,True
3721,True
3722,True
3723,True
3724,True
3725,True
3726,True
3727,True
3728,True
3729,True
3730,True
3731,True
3732,True
3733,True
3734,True
3735,True
3736,True
3737,True
3738,True
3739,True
3740,True
3741,True
3742,True
3743,True
3744,True
3745,True
3746,True
3747,True
3748,True
3749,True
3750,True
3751,True
3752,True
3753,True
3754,True
3755,True
3756,True
3757,True
3758,True
3759,True
3760,True
3761,True
3762,False
3763,False
3764,True
3765,False
3766,False
3767,False
3768,False
3769,False
3770,False
3771,False
3772,False
3773,False
3774,False
3775,False
3776,False
3777,False
3778,False
3779,True
3780,False
3781,False
3782,False
3783,False
3784,False
3785,False
3786,False
3787,False
3788,False
3789,False
3790,False
3791,False
3792,False
3793,False
3794,True
3795,False
3796,False
3797,False
3798,False
3799,False
3800,False
3801,False
3802,False
3803,False
3804,False
3805,True
3806,False
3807,True
3808,True
3809,False
3810,False
3811,False
3812,True
3813,False
3814,False
3815,False
3816,False
3817,False
3818,False
3819,False
3820,False
3821,False
3822,False
3823,False
3824,False
3825,False
3826,True
3827,False
3828,False
3829,False
3830,False
3831,False
3832,False
3833,False
3834,False
3835,False
3836,False
3837,False
3838,False
3839,False
3840,False
3841,False
3842,False
3843,True
3844,False
3845,False
3846,False
3847,False
3848,False
3849,False
3850,True
3851,True
3852,False
3853,False
3854,False
3855,False
3856,False
3857,False
3858,False
3859,False
3860,False
3861,False
3862,False
3863,False
3864,False
3865,False
3866,False
3867,False
3868,False
3869,False
3870,False
3871,False
3872,False
3873,False
3874,False
3875,False
3876,False
3877,False
3878,False
3879,False
3880,False
3881,False
3882,False
3883,False
3884,False
3885,True
3886,False
3887,False
3888,False
3889,False
3890,False
3891,False
3892,False
3893,False
3894,False
3895,False
3896,False
3897,False
3898,False
3899,False
3900,False
3901,False
3902,False
3903,False
3904,False
3905,False
3906,False
3907,False
3908,False
3909,False
3910,False
3911,False
3912,False
3913,False
3914,False
3915,False
3916,False
3917,False
3918,False
3919,False
3920,False
3921,True
3922,False
3923,False
3924,False
3925,False
3926,False
3927,False
3928,True
3929,False
3930,True
3931,False
3932,False
3933,False
3934,False
3935,False
3936,False
3937,False
3938,False
3939,False
3940,True
3941,False
3942,False
3943,False
3944,False
3945,False
3946,False
3947,False
3948,True
3949,False
3950,False
3951,False
3952,False
3953,False
3954,False
3955,False
3956,False
3957,False
3958,False
3959,False
3960,False
3961,False
3962,False
3963,True
3964,False
3965,False
3966,False
3967,False
3968,False
3969,False
3970,False
3971,False
3972,False
3973,False
3974,False
3975,False
3976,False
3977,False
3978,False
3979,False
3980,False
3981,False
3982,False
3983,False
3984,False
3985,False
3986,False
3987,False
3988,False
3989,False
3990,False
3991,False
3992,False
3993,False
3994,False
3995,False
3996,False
3997,False
3998,False
3999,False
4000,False
4001,False
4002,False
4003,False
4004,False
4005,False
4006,False
4007,False
4008,False
4009,False
4010,False
4011,False
4012,False
4013,False
4014,False
4015,False
4016,False
4017,False
4018,False
4019,False
4020,False
4021,False
4022,False
4023,False
4024,False
4025,False
4026,False
4027,False
4028,False
4029,False
4030,False
4031,False
4032,False
4033,False
4034,False
4035,False
4036,False
4037,False
4038,True
4039,False
4040,False
4041,False
4042,False
4043,False
4044,False
4045,False
4046,False
4047,False
4048,False
4049,False
4050,False
4051,False
4052,False
4053,False
4054,False
4055,False
4056,False
4057,False
4058,False
4059,False
4060,False
4061,False
4062,False
4063,False
4064,False
4065,True
4066,False
4067,False
4068,False
4069,False
4070,True
4071,False
4072,False
4073,False
4074,False
4075,False
4076,False
4077,False
4078,False
4079,False
4080,False
4081,False
4082,False
4083,False
4084,False
4085,False
4086,False
4087,False
4088,False
4089,False
4090,False
4091,False
4092,False
4093,False
4094,False
4095,False
4096,False
4097,False
4098,False
4099,False
4100,False
4101,False
4102,False
4103,False
4104,False
4105,False
4106,False
4107,False
4108,False
4109,False
4110,False
4111,False
4112,False
4113,False
4114,False
4115,False
4116,False
4117,False
4118,False
4119,False
4120,False
4121,False
4122,False
4123,False
4124,False
4125,False
4126,False
4127,False
4128,False
4129,False
4130,False
4131,False
4132,False
4133,False
4134,False
4135,False
4136,False
4137,False
4138,False
4139,False
4140,False
4141,False
4142,True
4143,False
4144,False
4145,False
4146,False
4147,False
4148,False
4149,False
4150,False
4151,False
4152,False
4153,False
4154,False
4155,False
4156,False
4157,False
4158,False
4159,False
4160,False
4161,False
4162,False
4163,False
4164,False
4165,False
4166,False
4167,False
4168,False
4169,False
4170,False
4171,False
4172,False
4173,False
4174,False
4175,False
4176,False
4177,False
4178,False
4179,False
4180,False
4181,False
4182,False
4183,False
4184,False
4185,False
4186,False
4187,False
4188,False
4189,False
4190,False
4191,False
4192,False
4193,False
4194,False
4195,False
4196,False
4197,False
4198,False
4199,False
4200,True
4201,False
4202,False
4203,False
4204,False
4205,False
4206,False
4207,False
4208,False
4209,False
4210,False
4211,False
4212,False
4213,False
4214,False
4215,False
4216,False
4217,False
4218,False
4219,False
4220,False
4221,False
4222,False
4223,False
4224,False
4225,False
4226,False
4227,False
4228,False
4229,False
4230,False
4231,False
4232,False
4233,False
4234,False
4235,False
4236,False
4237,False
4238,False
4239,False
4240,False
4241,False
4242,False
4243,False
4244,False
4245,False
4246,False
4247,False
4248,False
4249,False
4250,False
4251,False
4252,False
4253,False
4254,False
4255,False
4256,False
4257,False
4258,False
4259,False
4260,False
4261,False
4262,False
4263,False
4264,False
4265,False
4266,False
4267,False
4268,False
4269,False
4270,False
4271,False
4272,False
4273,False
4274,False
4275,False
4276,False
4277,False
4278,False
4279,False
4280,False
4281,False
4282,False
4283,False
4284,False
4285,False
4286,False
4287,False
4288,False
4289,False
4290,False
4291,False
4292,False
4293,False
4294,False
4295,False
4296,False
4297,False
4298,False
4299,False
4300,False
4301,False
4302,False
4303,False
4304,False
4305,True
4306,False
4307,False
4308,False
4309,False
4310,False
4311,False
4312,False
4313,False
4314,False
4315,False
4316,False
4317,False
4318,False
4319,False
4320,False
4321,False
4322,False
4323,False
4324,False
4325,False
4326,False
4327,False
4328,False
4329,False
4330,False
4331,False
4332,False
4333,False
4334,False
4335,False
4336,False
4337,False
4338,False
4339,False
4340,False
4341,False
4342,False
4343,False
4344,False
4345,False
4346,False
4347,False
4348,False
4349,False
4350,False
4351,False
4352,False
4353,False
4354,False
4355,False
4356,False
4357,False
4358,False
4359,False
4360,False
4361,False
4362,False
4363,False
4364,False
4365,False
4366,False
4367,False
4368,False
4369,False
4370,False
4371,False
4372,False
4373,False
4374,False
4375,False
4376,False
4377,False
4378,False
4379,False
4380,False
4381,False
4382,False
4383,False
4384,False
4385,False
4386,False
4387,False
4388,False
4389,False
4390,False
4391,False
4392,False
4393,False
4394,False
4395,False
4396,False
4397,False
4398,False
4399,False
4400,False
4401,False
4402,False
4403,False
4404,False
4405,False
4406,False
4407,False
4408,False
4409,False
4410,False
4411,False
4412,False
4413,False
4414,False
4415,False
4416,False
4417,False
4418,False
4419,False
4420,False
4421,False
4422,False
4423,False
4424,False
4425,False
4426,False
4427,False
4428,False
4429,False
4430,False
4431,False
4432,False
4433,False
4434,False
4435,False
4436,False
4437,False
4438,False
4439,True
4440,False
4441,False
4442,False
4443,False
4444,False
4445,False
4446,False
4447,False
4448,False
4449,False
4450,False
4451,False
4452,False
4453,False
4454,False
4455,False
4456,False
4457,False
4458,False
4459,False
4460,False
4461,False
4462,False
4463,False
4464,False
4465,False
4466,False
4467,False
4468,False
4469,False
4470,False
4471,False
4472,False
4473,False
4474,False
4475,False
4476,False
4477,False
4478,False
4479,False
4480,False
4481,False
4482,False
4483,False
4484,False
4485,False
4486,False
4487,False
4488,False
4489,False
4490,False
4491,False
4492,False
4493,False
4494,False
4495,False
4496,False
4497,False
4498,False
4499,False
4500,False
4501,False
4502,False
4503,False
4504,False
4505,False
4506,False
4507,False
4508,False
4509,False
4510,False
4511,False
4512,False
4513,False
4514,False
4515,False
4516,False
4517,False
4518,False
4519,False
4520,False
4521,False
4522,False
4523,False
4524,False
4525,False
4526,False
4527,False
4528,False
4529,False
4530,False
4531,False
4532,False
4533,False
4534,False
4535,False
4536,False
4537,True
4538,False
4539,False
4540,False
4541,False
4542,False
4543,False
4544,False
4545,False
4546,False
4547,False
4548,False
4549,False
4550,False
4551,False
4552,True
4553,False
4554,False
4555,False
4556,False
4557,False
4558,False
4559,True
4560,False
4561,True
4562,False
4563,False
4564,False
4565,False
4566,False
4567,False
4568,False
4569,False
4570,False
4571,False
4572,False
4573,False
4574,False
4575,False
4576,False
4577,False
4578,False
4579,False
4580,False
4581,False
4582,False
4583,False
4584,False
4585,False
4586,False
4587,False
4588,False
4589,False
4590,False
4591,False
4592,False
4593,False
4594,False
4595,True
4596,False
4597,False
4598,False
4599,False
4600,False
4601,False
4602,False
4603,False
4604,False
4605,False
4606,False
4607,False
4608,False
4609,False
4610,False
4611,False
4612,False
4613,False
4614,False
4615,False
4616,False
4617,False
4618,False
4619,False
4620,False
4621,False
4622,False
4623,False
4624,False
4625,False
4626,False
4627,True
4628,False
4629,False
4630,False
4631,False
4632,False
4633,False
4634,False
4635,False
4636,False
4637,False
4638,False
4639,False
4640,False
4641,False
4642,False
4643,False
4644,False
4645,False
4646,False
4647,False
4648,False
4649,False
4650,False
4651,False
4652,False
4653,False
4654,False
4655,False
4656,False
4657,False
4658,False
4659,False
4660,False
4661,False
4662,False
4663,False
4664,False
4665,False
4666,False
4667,False
4668,False
4669,False
4670,False
4671,False
4672,False
4673,False
4674,False
4675,False
4676,False
4677,False
4678,False
4679,False
4680,False
4681,False
4682,False
4683,False
4684,False
4685,False
4686,False
4687,True
4688,True
4689,False
4690,False
4691,True
4692,True
4693,False
4694,False
4695,False
4696,False
4697,False
4698,False
4699,False
4700,False
4701,False
4702,False
4703,False
4704,False
4705,False
4706,False
4707,False
4708,False
4709,False
4710,False
4711,False
4712,False
4713,False
4714,False
4715,False
4716,False
4717,False
4718,False
4719,False
4720,False
4721,False
4722,False
4723,False
4724,False
4725,False
4726,False
4727,False
4728,False
4729,False
4730,False
4731,False
4732,False
4733,False
4734,False
4735,False
4736,False
4737,False
4738,False
4739,False
4740,False
4741,False
4742,False
4743,False
4744,False
4745,False
4746,False
4747,False
4748,False
4749,False
4750,False
4751,False
4752,False
4753,False
4754,False
4755,False
4756,False
4757,False
4758,False
4759,False
4760,False
4761,False
4762,False
4763,False
4764,True
4765,False
4766,False
4767,False
4768,False
4769,False
4770,False
4771,False
4772,False
4773,False
4774,False
4775,False
4776,False
4777,False
4778,False
4779,False
4780,True
4781,False
4782,False
4783,False
4784,False
4785,False
4786,False
4787,False
4788,False
4789,False
4790,False
4791,False
4792,False
4793,False
4794,False
4795,False
4796,False
4797,False
4798,False
4799,False
4800,False
4801,False
4802,False
4803,False
4804,False
4805,False
4806,False
4807,True
4808,False
4809,True
4810,False
4811,False
4812,False
4813,False
4814,False
4815,False
4816,False
4817,False
4818,True
4819,False
4820,False
4821,True
4822,False
4823,False
4824,False
4825,False
4826,True
4827,True
4828,False
4829,False
4830,False
4831,False
4832,False
4833,False
4834,True
4835,False
4836,False
4837,False
4838,False
4839,False
4840,False
4841,False
4842,False
4843,False
4844,False
4845,False
4846,False
4847,False
4848,False
4849,False
4850,True
4851,True
4852,True
4853,False
4854,False
4855,False
4856,False
4857,False
4858,False
4859,True
4860,False
4861,False
4862,False
4863,False
4864,False
4865,False
4866,False
4867,False
4868,False
4869,False
4870,False
4871,False
4872,False
4873,False
4874,False
4875,True
4876,True
4877,False
4878,True
4879,False
4880,False
4881,False
4882,False
4883,False
4884,False
4885,True
4886,False
4887,False
4888,False
4889,False
4890,False
4891,False
4892,False
4893,False
4894,False
4895,False
4896,False
4897,False
4898,False
4899,False
4900,False
4901,True
4902,True
4903,False
4904,False
4905,False
4906,False
4907,False
4908,False
4909,True
4910,False
4911,False
4912,False
4913,False
4914,True
4915,False
4916,False
4917,False
4918,False
4919,False
4920,False
4921,False
4922,False
4923,False
4924,False
4925,False
4926,False
4927,True
4928,False
4929,True
4930,False
4931,False
4932,False
4933,False
4934,True
4935,False
4936,False
4937,True
4938,False
4939,False
4940,False
4941,False
4942,False
4943,False
4944,False
4945,False
4946,False
4947,False
4948,False
4949,False
4950,False
4951,True
4952,False
4953,False
4954,False
4955,False
4956,False
4957,False
4958,False
4959,False
4960,False
4961,True
4962,False
4963,True
4964,False
4965,False
4966,False
4967,False
4968,False
4969,False
4970,False
4971,True
4972,False
4973,False
4974,True
4975,False
4976,False
4977,False
4978,False
4979,False
4980,False
4981,False
4982,False
4983,False
4984,False
4985,False
4986,False
4987,False
4988,False
4989,False
4990,False
4991,False
4992,False
4993,False
4994,True
4995,False
4996,False
4997,False
4998,False
4999,False
5000,False
5001,True
5002,False
5003,False
5004,False
5005,False
5006,False
5007,False
5008,False
5009,False
5010,False
5011,False
5012,False
5013,True
5014,True
5015,False
5016,False
5017,False
5018,False
5019,True
5020,False
5021,False
5022,False
5023,False
5024,False
5025,False
5026,False
5027,False
5028,False
5029,False
5030,False
5031,False
5032,False
5033,False
5034,False
5035,False
5036,True
5037,False
5038,False
5039,False
5040,False
5041,False
5042,False
5043,False
5044,True
5045,False
5046,False
5047,True
5048,False
5049,False
5050,False
5051,False
5052,False
5053,False
5054,False
5055,False
5056,False
5057,False
5058,True
5059,False
5060,False
5061,False
5062,False
5063,True
5064,False
5065,False
5066,False
5067,False
5068,False
5069,False
5070,False
5071,False
5072,True
5073,False
5074,False
5075,False
5076,False
5077,False
5078,False
5079,False
5080,True
5081,False
5082,False
5083,True
5084,False
5085,True
5086,True
5087,False
5088,False
5089,False
5090,False
5091,False
5092,False
5093,True
5094,True
5095,False
5096,False
5097,False
5098,False
5099,False
5100,False
5101,False
5102,False
5103,False
5104,False
5105,True
5106,True
5107,False
5108,False
5109,False
5110,False
5111,False
5112,False
5113,False
5114,False
5115,False
5116,False
5117,False
5118,False
5119,False
5120,False
5121,False
5122,True
5123,False
5124,False
5125,False
5126,False
5127,False
5128,False
5129,False
5130,False
5131,False
5132,True
5133,False
5134,False
5135,False
5136,False
5137,False
5138,False
5139,False
5140,False
5141,False
5142,False
5143,False
5144,False
5145,False
5146,False
5147,False
5148,False
5149,False
5150,False
5151,False
5152,False
5153,False
5154,False
5155,False
5156,False
5157,False
5158,False
5159,False
5160,False
5161,True
5162,False
5163,True
5164,False
5165,False
5166,False
5167,False
5168,False
5169,False
5170,False
5171,False
5172,False
5173,False
5174,False
5175,False
5176,True
5177,False
5178,False
5179,False
5180,False
5181,False
5182,False
5183,False
5184,True
5185,False
5186,False
5187,True
5188,False
5189,False
5190,False
5191,True
5192,True
5193,True
5194,False
5195,True
5196,True
5197,False
5198,False
5199,False
5200,False
5201,False
5202,False
5203,False
5204,False
5205,False
5206,False
5207,False
5208,False
5209,False
5210,False
5211,False
5212,False
5213,True
5214,False
5215,False
5216,True
5217,True
5218,False
5219,False
5220,False
5221,False
5222,False
5223,False
5224,False
5225,False
5226,True
5227,False
5228,False
5229,False
5230,True
5231,False
5232,False
5233,False
5234,False
5235,False
5236,False
5237,False
5238,False
5239,False
5240,False
5241,False
5242,False
5243,True
5244,True
5245,False
5246,False
5247,False
5248,True
5249,True
5250,False
5251,False
5252,False
5253,False
5254,False
5255,False
5256,False
5257,False
5258,False
5259,False
5260,False
5261,False
5262,False
5263,False
5264,False
5265,False
5266,False
5267,True
5268,False
5269,False
5270,False
5271,False
5272,False
5273,False
5274,False
5275,False
5276,False
5277,False
5278,False
5279,False
5280,False
5281,True
5282,False
5283,False
5284,False
5285,False
5286,False
5287,True
5288,True
5289,True
5290,False
5291,True
5292,False
5293,False
5294,False
5295,False
5296,False
5297,False
5298,False
5299,False
5300,False
5301,False
5302,False
5303,False
5304,True
5305,False
5306,False
5307,False
5308,False
5309,True
5310,False
5311,False
5312,False
5313,False
5314,False
5315,True
5316,True
5317,True
5318,True
5319,False
5320,False
5321,False
5322,False
5323,False
5324,False
5325,False
5326,False
5327,True
5328,False
5329,False
5330,False
5331,False
5332,True
5333,False
5334,False
5335,True
5336,False
5337,False
5338,False
5339,False
5340,True
5341,False
5342,False
5343,True
5344,True
5345,False
5346,False
5347,False
5348,False
5349,False
5350,False
5351,True
5352,False
5353,False
5354,True
5355,False
5356,False
5357,True
5358,False
5359,False
5360,False
5361,False
5362,False
5363,False
5364,True
5365,False
5366,True
5367,False
5368,False
5369,False
5370,False
5371,False
5372,True
5373,False
5374,True
5375,False
5376,False
5377,False
5378,False
5379,False
5380,False
5381,False
5382,True
5383,False
5384,False
5385,False
5386,True
5387,False
5388,False
5389,False
5390,False
5391,True
5392,False
5393,False
5394,False
5395,False
5396,False
5397,False
5398,False
5399,True
5400,True
5401,False
5402,False
5403,False
5404,True
5405,False
5406,False
5407,False
5408,True
5409,False
5410,False
5411,False
5412,False
5413,False
5414,False
5415,False
5416,False
5417,False
5418,False
5419,False
5420,False
5421,True
5422,False
5423,True
5424,False
5425,True
5426,False
5427,False
5428,False
5429,False
5430,True
5431,False
5432,False
5433,False
5434,False
5435,True
5436,False
5437,True
5438,False
5439,True
5440,False
5441,False
5442,False
5443,False
5444,False
5445,False
5446,True
5447,False
5448,False
5449,False
5450,False
5451,False
5452,False
5453,True
5454,False
5455,False
5456,False
5457,False
5458,True
5459,True
5460,False
5461,False
5462,True
5463,False
5464,False
5465,False
5466,False
5467,False
5468,False
5469,True
5470,True
5471,False
5472,True
5473,False
5474,False
5475,False
5476,False
5477,False
5478,True
5479,False
5480,False
5481,False
5482,False
5483,False
5484,True
5485,True
5486,False
5487,False
5488,False
5489,False
5490,False
5491,False
5492,False
5493,True
5494,False
5495,False
5496,True
5497,False
5498,False
5499,False
5500,False
5501,False
5502,True
5503,False
5504,False
5505,False
5506,False
5507,False
5508,False
5509,False
5510,False
5511,False
5512,True
5513,True
5514,False
5515,False
5516,False
5517,True
5518,False
5519,False
5520,False
5521,False
5522,False
5523,False
5524,True
5525,False
5526,False
5527,False
5528,False
5529,True
5530,True
5531,False
5532,True
5533,False
5534,True
5535,True
5536,False
5537,True
5538,False
5539,True
5540,False
5541,False
5542,False
5543,False
5544,True
5545,False
5546,False
5547,False
5548,False
5549,True
5550,False
5551,False
5552,False
5553,False
5554,True
5555,False
5556,True
5557,True
5558,False
5559,True
5560,False
5561,False
5562,True
5563,True
5564,False
5565,False
5566,True
5567,False
5568,True
5569,False
5570,False
5571,False
5572,False
5573,True
5574,False
5575,False
5576,False
5577,False
5578,True
5579,False
5580,True
5581,False
5582,False
5583,False
5584,False
5585,True
5586,False
5587,False
5588,False
5589,True
5590,False
5591,False
5592,True
5593,False
5594,False
5595,False
5596,True
5597,False
5598,False
5599,False
5600,True
5601,True
5602,False
5603,False
5604,False
5605,False
5606,True
5607,True
5608,False
5609,False
5610,False
5611,False
5612,False
5613,False
5614,False
5615,False
5616,False
5617,False
5618,False
5619,True
5620,False
5621,False
5622,False
5623,False
5624,False
5625,True
5626,False
5627,False
5628,True
5629,True
5630,False
5631,False
5632,False
5633,False
5634,False
5635,False
5636,True
5637,False
5638,False
5639,False
5640,False
5641,False
5642,False
5643,False
5644,False
5645,True
5646,False
5647,False
5648,True
5649,False
5650,False
5651,False
5652,True
5653,False
5654,False
5655,True
5656,False
5657,False
5658,False
5659,False
5660,False
5661,False
5662,True
5663,False
5664,True
5665,False
5666,False
5667,True
5668,False
5669,False
5670,False
5671,False
5672,False
5673,True
5674,False
5675,True
5676,False
5677,False
5678,False
5679,False
5680,False
5681,True
5682,False
5683,False
5684,False
5685,True
